"event_number","event_description"
132094,
121031,"aaa module's debug message."
137031,
522301,
124004,"This shows an internal debug message."
124105,"This shows an internal debug message."
522242,
124234,"This shows an internal debug message."
522050,
522128,
524037,
522260,
522258,"This shows an internal user debug message."
522255,
524124,
522083,
522254,
522287,
524141,
124209,
522246,
522049,
522127,
522142,
522158,
124103,"This shows an internal debug message."
124093,
124086,
522264,
124091,
522077,
522035,
522295,
400166,
501100,
501065,
307219,
307218,
307050,
307048,
307027,
307026,
307100,
307099,
399814,"This is an internal system debugging log."
307095,
307093,
124090,
132197,
126047,
126066,
134032,
133113,
133112,
133094,
103063,"No description available."
103060,"No description available."
124230,
126005,
501000,
501080,
527000,
527004,
522303,
522290,
522004,
522244,
522152,
522234,
522036,
522296,
501106,
522289,
132086,
134016,
133093,
126037,
403000,
103022,
126038,
124153,
124185,
124184,
124003,
133008,
133007,
124038,
124547,
124546,
132053,
132207,
124220,
524041,
522243,
522247,
522078,
132093,
132030,
132223,
132165,
132167,
132204,
124078,
124104,
124163,
124162,
124156,
124148,
124859,
599800,
522270,
522006,
527003,
522125,
522122,
522026,
129001,
103062,
524148,
132066,
121004,
124861,
522005,
522130,
522111,
522115,
522236,
522235,
126065,
522138,
124863,
522299,
522308,
103078,
103101,
103076,
126075,
522245,
132022,
399815,
307373,
307125,
307098,
124202,
124405,
524001,
400168,
400162,
400161,
103077,
522008,
124458,
103082,
522272,
522194,
124467,
124441,
124453,
124097,
124607,
522038,
133005,
124098,
124099,
124100,
124454,
522210,
103102,
132233,
124406,
400110,
307229,
132227,
124006,"A firewall rule with log option was hit."
103034,
126048,
522305,
124040,
124039,
126087,
126109,
124057,
124015,
124541,
124544,
124014,
132188,
126035,
132162,
132161,
103007,
133009,
133019,
400175,
124688,
124689,
125024,
125025,
522137,
124009,
124008,
132021,
125022,
126042,
121003,
124095,
132009,
124151,
